Price,Close,High,Low,Open,Volume
Ticker,TATAMOTORS.NS,TATAMOTORS.NS,TATAMOTORS.NS,TATAMOTORS.NS,TATAMOTORS.NS
Date,,,,,
2021-04-01,305.8500061035156,307.93704714194837,301.1790109379361,304.85617992608746,44088352
2021-04-05,303.1666564941406,309.7756246891631,295.36514543961647,304.90585226563763,66178755
2021-04-06,305.8500061035156,311.8626423452888,302.91820674843535,304.259878153797,63031783
2021-04-07,305.8996887207031,308.73209942405873,303.2163762089728,304.85618335433605,39073986
2021-04-08,312.01171875,317.8255772186859,305.6015282214926,305.99905259887436,62459774
2021-04-09,316.2354736328125,322.99347890594777,310.57065279418055,311.2663431881056,75462572
2021-04-12,284.7808532714844,305.9493671349654,281.15339411755997,305.9493671349654,105342538
2021-04-13,300.9802551269531,302.6697413818349,278.8179138187942,285.47656114514325,116874853
2021-04-15,301.626220703125,305.6512042678267,294.66943801804473,301.1293076541907,75262749
2021-04-16,308.0860900878906,313.0552205731792,298.29689696603907,300.1354813114289,75330709
2021-04-19,299.5391845703125,302.62005158827594,290.99227392760184,293.1787035091672,65791784
2021-04-20,296.2098388671875,306.2474879294585,292.383632879401,305.8002844092937,56740291
2021-04-22,292.7314758300781,300.63240573222816,290.3960086769793,292.1848835876862,61022978
2021-04-23,292.18487548828125,298.14783213089925,288.70648411342074,289.20339716697225,58158986
2021-04-26,293.57623291015625,297.1540130461099,292.78118413735166,295.16636078493195,30583139
2021-04-27,299.6385803222656,300.63240645932126,293.2780991109431,293.8744008590098,35040532
2021-04-28,304.0113830566406,307.5891629075042,301.1292935734209,301.6262065991196,44668126
2021-04-29,300.03607177734375,308.0860686697075,299.39009092499805,306.9928539731113,36647292
2021-04-30,292.0357971191406,299.43978315287245,290.74380502894377,296.35894659515526,36121668
2021-05-03,291.1910705566406,292.93026637054544,283.240461121647,287.51390156128883,35376618
2021-05-04,287.6629943847656,297.89939170967807,286.2716134962655,294.5203888286795,38640006
2021-05-05,289.7003173828125,292.0854940329955,286.71883898779214,291.6879696461594,29350536
2021-05-06,299.39013671875,300.13550635373446,288.50772791630993,289.7003314639523,45032502
2021-05-07,300.880859375,304.06111510699685,298.64475059351776,301.1293159062758,41591323
2021-05-10,312.9061584472656,313.7509167110478,302.12313903114324,302.62005208876025,53260388
2021-05-11,313.6018371582031,318.7697453960574,306.19785035741666,307.6388801126027,58472304
2021-05-12,323.9873352050781,332.68331429417145,314.2975299343741,316.28518229759544,111584920
2021-05-14,310.32220458984375,327.4657050835981,308.0860958297888,327.31663723209437,81305325
2021-05-17,319.1175842285156,321.8506061529858,309.4774583996266,313.45276301703774,51162423
2021-05-18,330.3974914550781,334.57154278129195,321.9996489721327,323.93762195409397,86153088
2021-05-19,312.5086364746094,320.95615851917927,310.17313901998324,311.0675764647515,119407026
2021-05-20,305.8003234863281,314.64537030010615,304.210195554497,314.04906853452354,54043899
2021-05-21,311.1669616699219,313.750915626431,307.5891816016143,310.07374688111037,40358753
2021-05-24,309.9246826171875,313.85027760672585,308.2848755795745,312.80677230892655,31963997
2021-05-25,313.3036804199219,317.03052832341024,311.9123299351194,313.6018161205346,37382263
2021-05-26,313.5521545410156,318.02437227614894,312.8564640949945,314.1484563048669,28639717
2021-05-27,316.63299560546875,321.45305816617696,314.5956339410637,315.09254698177244,49484106
2021-05-28,316.7820739746094,322.4965741325827,314.54596521714154,320.65798975505373,26618815
2021-05-31,316.7820739746094,317.7759000890395,310.1731363794821,316.7323948005543,30917309
2021-06-01,316.1360778808594,323.68916205355873,315.34099883000624,317.22929262005454,32595728
2021-06-02,321.0058288574219,322.3971793253361,313.65152181630475,313.9993670155747,26323777
2021-06-03,323.63946533203125,325.67682704669835,321.65181312016045,323.2916201291207,21408371
2021-06-04,332.882080078125,334.82002286732603,322.2481281732768,323.14256563976704,41278749
2021-06-07,343.3669128417969,348.8329563168472,337.6524128451534,337.6524128451534,64986814
2021-06-08,350.5721435546875,354.44805913269096,335.41629610122476,344.1122741482936,44104954
2021-06-09,341.2301940917969,356.68417766073867,337.6524141017073,354.0008654150455,59334814
2021-06-10,342.6215515136719,345.7024185213249,340.2860540887172,343.0687853949573,24351860
2021-06-11,348.5845031738281,350.7212232144062,342.2240222252279,343.8638292178034,36441967
2021-06-14,353.75244140625,355.6903842625079,338.9941165464072,347.88884267256844,38482142
2021-06-15,350.5224609375,358.5227485304926,349.3298575425312,353.5536182667297,35526159
2021-06-16,347.1931457519531,353.80208309219626,345.950863156826,347.93851530902936,27550588
2021-06-17,343.5159912109375,350.72123055783925,340.136988479603,346.2490130321761,29236974
2021-06-18,335.3169250488281,344.75827313889715,326.96879175081085,343.515990495467,49440514
2021-06-21,332.2360534667969,333.72679261845013,324.1860863112016,328.85705078888253,29123887
2021-06-22,335.8138427734375,342.17432393036637,334.0746470484635,335.0187940022588,26708459
2021-06-23,333.1802062988281,341.1308152485392,332.2360593543835,338.89470648143293,25741628
2021-06-24,332.5838928222656,335.31691455225894,331.29193104520755,332.93173801737055,15580223
2021-06-25,337.55303955078125,340.6835857996611,333.82619155707505,333.82619155707505,22426352
2021-06-28,340.6835632324219,342.8699927088981,335.4659763868517,338.6959111007761,17843975
2021-06-29,339.4413146972656,344.36076634819256,337.50337187202746,340.5345295451569,22462297
2021-06-30,337.50335693359375,343.21785713232646,336.7579873424547,339.88853355940546,18277841
2021-07-01,342.1246337890625,345.2551799278352,339.09347632579295,339.39161202313676,27944816
2021-07-02,342.7706298828125,343.4166108084741,338.3978009292952,343.16815427328373,18304387
2021-07-05,343.9632263183594,347.9385307997523,341.8761853997948,344.9073429351904,18399524
2021-07-06,314.9434814453125,355.9885171063974,309.5768266321295,345.85147886992314,164083830
2021-07-07,315.14227294921875,317.1299252159068,304.35925333660293,314.049058136707,112183313
2021-07-08,304.4586181640625,312.8564301354232,303.1169469233231,312.8564301354232,87360324
2021-07-09,304.4089050292969,306.9431796380275,299.98639733268396,303.9119920074866,48807214
2021-07-12,305.5518493652344,310.07374602983646,304.21017805215666,308.8811425672861,32282319
2021-07-13,309.0302429199219,310.32220473913094,306.2475115974596,308.0860959780003,25736308
2021-07-14,307.6388854980469,311.3657337167884,306.74444799138263,308.08611941596325,21863250
2021-07-15,308.33453369140625,310.9184875013089,305.70090071039874,308.58299020525914,23617599
2021-07-16,309.328369140625,313.5024508317791,308.5829995764307,309.1793012936192,25148606
2021-07-19,306.9432067871094,308.3842364803196,304.11079624643185,307.0425954660951,21346348
2021-07-20,300.2845458984375,306.09843456890724,299.1913311377155,305.10460848264455,27672567
2021-07-22,300.68206787109375,305.55183991830785,299.19132875357883,303.61386693387243,21338361
2021-07-23,293.7253112792969,300.03611350029746,293.17871901957153,298.64476293349577,33435130
2021-07-26,291.3401184082031,295.1663550018379,289.2033983351341,293.1787027796033,27502360
2021-07-27,289.6009216308594,295.8123348021165,286.8182206618025,291.19104946853435,55132877
2021-07-28,282.69384765625,289.10400783503303,281.84908940129435,288.2095704065012,36139725
2021-07-29,291.0916748046875,293.57624019279365,285.77469880830677,285.77469880830677,57733359
2021-07-30,292.13519287109375,298.14782861652753,291.43950247265565,292.18487204419694,30589609
2021-08-02,295.0173034667969,297.5515480586348,293.77502075919637,297.3030915171147,19273390
2021-08-03,301.82501220703125,302.62006099094,295.86205534021474,296.65710412412346,31063992
2021-08-04,296.3092346191406,304.5580091395817,295.36511805678447,302.8684927008072,26186248
2021-08-05,297.8497009277344,299.04227407676535,290.9425972474103,293.67561908321005,20704901
2021-08-06,298.197509765625,301.52683327307096,295.8123331867206,298.197509765625,16001898
2021-08-09,296.2595520019531,302.32189698160795,294.2221903989898,298.8931849724528,16985859
2021-08-10,292.3836364746094,298.34659278343895,289.2033809782346,296.0607746675558,15173990
2021-08-11,293.6259460449219,295.9614132173512,284.6815107590214,293.4768478601566,20802022
2021-08-12,304.11077880859375,305.5021292471138,295.4644798284482,295.4644798284482,33652880
2021-08-13,305.35308837890625,309.57684956885043,301.179006365412,306.89350679886593,34922863
2021-08-16,301.82501220703125,305.94938464074596,301.1790009497925,304.0611210320875,14348786
2021-08-17,295.862060546875,300.9305497095321,290.9922880899416,300.9305497095321,25539214
2021-08-18,291.5389099121094,295.9117389474302,290.79354029259446,295.0669806461464,18004320
2021-08-20,281.3521728515625,288.9052572203682,279.265131991487,287.71265377770635,32578752
2021-08-23,275.24017333984375,286.5200762464417,273.30220015254935,285.42689170916606,24498294
2021-08-24,278.072509765625,279.7620261404119,266.79260864105635,276.7805480643151,37589121
2021-08-25,282.6441345214844,287.4145179609637,280.7061918394292,281.0540067083246,31538128
2021-08-26,282.54473876953125,285.5759264719497,279.91110575731926,283.09136130398275,17864053
2021-08-27,283.9858093261719,285.02931460410304,279.96082573510506,281.15339886285983,13477390
2021-08-30,290.14752197265625,291.68794018952156,288.11016041097236,288.30893774889984,17217097
2021-08-31,285.5262451171875,290.14756104848954,284.33367191650285,289.9487836837916,36951003
2021-09-01,293.4271545410156,295.5638745793762,285.5262249543077,287.21574144742937,33103168
2021-09-02,291.3401184082031,294.4706645923894,289.8990887445826,293.4271593073827,14907001
2021-09-03,293.7253112792969,294.6197790921823,290.19724052106744,290.69415360415144,16594135
2021-09-06,295.61358642578125,297.10432558006323,294.1725264449757,295.66326559925767,16622865
2021-09-07,292.78118896484375,295.9614144376654,289.1040200893672,295.5142108690266,14325904
2021-09-08,293.4271545410156,296.9552250465064,289.79969536019433,291.6879588748115,14920479
2021-09-09,297.1043395996094,301.6262364493077,291.73765412762236,292.184888026677,34020970
2021-09-13,299.3404541015625,300.1355029047424,293.67563280911054,297.15402439906615,16339860
2021-09-14,304.2101745605469,305.30338933380955,300.3342588454934,300.38393801871035,23234649
2021-09-15,310.0240478515625,311.06755307045273,304.21015940406147,304.21015940406147,26808872
2021-09-16,309.7259216308594,313.05524538571564,305.7506169275487,311.4651174385578,26249369
2021-09-17,306.6947326660156,313.4030586690981,304.1107788064028,310.07373525358713,24972069
2021-09-20,297.1043395996094,308.3345629601243,295.46450218918716,303.0175869931252,19632688
2021-09-21,300.0857849121094,300.83115444211546,291.290418392205,296.7564616122495,19439330
2021-09-22,308.18548583984375,311.8626242858907,301.1293143228803,301.27838217502864,29545253
2021-09-23,319.5151062011719,321.99967156821054,311.26636131427034,311.26636131427034,52701665
2021-09-24,315.98699951171875,324.93143381403195,314.09870578456616,323.09284958605707,28901243
2021-09-27,329.6024475097656,331.5404206981868,321.1549249546847,321.1549249546847,56305136
2021-09-28,327.2669372558594,333.92558455575096,322.4965838938726,331.93793226672864,28497009
2021-09-29,328.2110595703125,330.94408126241956,321.99964663370554,322.99347270356265,19740150
2021-09-30,331.29193115234375,335.8138277026744,327.06817029553355,329.2048903102045,30268517
2021-10-01,331.24224853515625,335.217553193624,323.6891939474017,330.5962675939888,29877695
2021-10-04,339.8885498046875,341.13083251596197,333.08083448107,334.7206415941187,29553072
2021-10-05,342.8203125,349.32986107977814,336.7579674509903,338.3480952173286,31861985
2021-10-06,333.97528076171875,346.54720639419907,332.93177538843736,344.85768973070975,25272592
2021-10-07,374.1755065917969,380.6353758955065,337.155486351307,338.99407060358027,163238084
2021-10-08,380.5857238769531,395.0955609309754,377.6539246982868,383.51749272645327,93728117
2021-10-11,413.1831970214844,418.3013953204394,385.60452301704373,387.7412430452484,113404983
2021-10-12,418.2517395019531,433.01006383207636,411.0464999453133,420.3884596494681,97349265
2021-10-13,503.77044677734375,520.6157810669065,460.0420981383621,460.0420981383621,197949387
2021-10-14,494.5278625488281,526.7278214147657,488.9624304454052,526.7278214147657,103630901
2021-10-18,506.45379638671875,521.7587125558573,500.4908396717947,503.8698424110851,72322623
2021-10-19,478.9247741699219,514.2056297706558,473.1108856297599,509.28617862225,57428637
2021-10-20,483.8939208984375,493.93157055091905,468.34054853545393,478.82540173439577,55444814
2021-10-21,504.8636474609375,507.24882398153414,482.75101723257956,488.7139736986536,52608672
2021-10-22,487.8692321777344,507.54700738729883,484.39084078671283,506.7519283004229,42742785
2021-10-25,476.9371337890625,492.93773987920025,470.3281963665958,490.8506990275883,33107841
2021-10-26,505.5096435546875,506.8513148657536,480.266466487991,480.514923014886,58027770
2021-10-27,494.8260192871094,503.4226091628366,492.9377557241605,502.6275603981738,30361263
2021-10-28,478.0800476074219,490.85071944115305,475.5954822829281,490.85071944115305,25182748
2021-10-29,480.71368408203125,488.5649040000889,464.812466899468,479.02416762471796,31054342
2021-11-01,482.70135498046875,486.67665943053095,466.8994955281387,483.4467245648554,34315690
2021-11-02,484.83807373046875,506.8513159966468,483.4964024164091,503.3729246123561,51580720
2021-11-03,481.9062805175781,491.94393041614484,478.6266664464703,480.8130657174867,22950198
2021-11-04,486.6766357421875,490.502841825804,484.98711930147965,486.7759940852701,5531940
2021-11-08,498.3044128417969,501.7331251035618,487.22325761760203,490.85071690680036,31736426
2021-11-09,506.50347900390625,517.4355967180763,500.3914543953965,501.8821935842607,50458762
2021-11-10,507.5966796875,512.7645875301305,497.1118264824983,503.12446224531936,26615777
2021-11-11,500.3417663574219,515.795750209886,497.90688026041016,506.8513152351481,29256213
2021-11-12,503.9195251464844,506.4040904619274,494.27942992006535,503.8201667971998,20731808
2021-11-15,502.3294372558594,511.7211064602804,501.3852902861908,503.1244860404046,18014977
2021-11-16,515.845458984375,523.5972909423045,503.0748170231813,503.7704771414138,55897781
2021-11-17,526.876953125,533.3865022194841,517.0380500618353,517.0380500618353,48463415
2021-11-18,506.5531921386719,530.9019323979845,498.20502835786,528.1689105321433,47197742
2021-11-22,483.098876953125,509.08742360011365,475.446403793209,509.08742360011365,40044849
2021-11-23,492.44085693359375,496.26709367388594,474.0550731732073,481.40938061152843,27553684
2021-11-24,485.63311767578125,498.70192482431884,482.30379417510846,495.9192238761191,20915837
2021-11-25,489.70782470703125,492.09300134905567,483.49641140531855,487.7698516252303,15336539
2021-11-26,457.3587951660156,483.74486667094607,455.1723655578702,482.9994970766919,51787989
2021-11-29,458.60107421875,467.84364498319337,440.36435889016246,454.1785358626009,42819150
2021-11-30,455.7686767578125,475.04889793014826,452.8368774945684,463.66957642337644,35471800
2021-12-01,472.3158874511719,475.44643382189,460.6881091265985,464.9615798565348,28256188
2021-12-02,476.1421203613281,477.4837917460907,468.787812827106,476.440256078312,21012008
2021-12-03,477.13592529296875,481.7075315013656,474.3531939652129,477.03653661534065,20948900
2021-12-06,464.3155822753906,477.9309821236291,463.12297878205345,477.13593334751545,17473075
2021-12-07,478.8254089355469,481.90627595054644,468.09209905076267,473.90598787550664,21280797
2021-12-08,490.8507080078125,492.88806972394127,480.5149225645023,481.5087486711507,20581817
2021-12-09,490.9004211425781,495.4223178296173,486.5275619776398,494.9254047726167,16951593
2021-12-10,491.3973388671875,493.7328059939413,483.5460882286686,484.73869170846467,14567815
2021-12-13,492.2917785644531,503.27354514704865,491.14888458310077,496.36647175503526,21921272
2021-12-14,486.3785095214844,488.91278438990344,480.31616396835506,488.91278438990344,17722547
2021-12-15,488.6145935058594,494.62725957767725,484.2417647540062,484.78835697455077,16263723
2021-12-16,488.9127502441406,493.4346467584991,484.39082340061714,491.9439076444251,13581352
2021-12-17,467.29705810546875,485.83190935016586,465.30940584696685,484.98715107446924,27341178
2021-12-20,444.28997802734375,457.1600390854379,437.2835156469406,457.06065040241185,33007516
2021-12-21,450.7995300292969,458.0544485081536,447.0726821129322,449.308790862751,18838054
2021-12-22,467.5951843261719,469.23499134033483,455.3214258130949,455.3214258130949,22730750
2021-12-23,469.43377685546875,475.0488884036112,468.0424263443877,473.0612361508764,12116814
2021-12-24,464.71307373046875,471.967991868161,457.1599895759891,471.967991868161,15487368
2021-12-27,468.2411804199219,469.53317260114585,457.2594136899361,462.8248461471952,12557565
2021-12-28,477.2353210449219,479.8192447265583,469.73191554568285,472.2661903815186,22860916
2021-12-29,473.06121826171875,478.6266504247485,471.3220226063448,475.79424000587784,10263884
2021-12-30,467.49578857421875,473.45874513850515,465.706913736599,469.6325086105883,11923961
2021-12-31,479.4217224121094,480.61432590814906,468.9368687986635,469.78162708092776,15541446
2022-01-03,494.5278625488281,497.75779730278657,488.9624304454052,490.4531695626168,32748423
2022-01-04,486.5772705078125,495.91922989490945,481.06151738863605,493.7328003168126,24100985
2022-01-05,486.726318359375,489.7077965729087,480.5645845864061,483.9436174917428,15420105
2022-01-06,485.8319091796875,489.90660237401994,474.15445216508635,478.52728106642286,16563230
2022-01-07,487.57110595703125,492.44084793332365,480.76339089353246,487.024483387456,15532165
2022-01-10,500.5902099609375,501.7827830626148,488.2667422727832,490.05564741904675,25193771
2022-01-11,498.20501708984375,504.7642754853438,495.07447090742687,499.89453360945464,16269193
2022-01-12,504.1183166503906,508.68992302493143,500.3914685726401,502.72696610053055,16255334
2022-01-13,508.7892761230469,510.627830116154,491.745134509481,500.888346619115,27572553
2022-01-14,506.7519226074219,512.2179964896428,502.528161680061,505.85748518275506,12655602
2022-01-17,521.7587280273438,523.6470219730621,508.8389880952381,511.62168917971707,27942414
2022-01-18,507.6463623046875,525.2370964949354,504.0189030872538,524.6408250952653,19353195
2022-01-19,517.63427734375,518.9759789152271,501.68338126615464,506.8512888924096,21799071
2022-01-20,512.51611328125,519.969808760447,508.83894471318035,516.739874052795,18364451
2022-01-21,498.7516174316406,510.67749989791224,491.1985332620314,507.2488181667231,17946821
2022-01-24,475.4961242675781,501.18650547757187,470.42760493621415,496.6149295406226,25228959
2022-01-25,487.5213928222656,489.4593658950394,464.7627806566341,470.87480525121606,22565698
2022-01-27,491.3476257324219,499.5964006935249,473.6575329975654,477.78190531353385,26676094
2022-01-28,494.229736328125,506.2053597316188,492.24208401177754,497.40999216594787,21784640
2022-01-31,514.553466796875,516.7895755371801,495.124178540557,501.8821839351461,27306578
2022-02-01,501.1864929199219,511.5719878550566,489.95627005836405,504.8636616422899,48030231
2022-02-02,503.2735290527344,511.2738473246896,502.03124643247725,505.4599585960531,14311040
2022-02-03,501.3852844238281,511.12476840188106,499.74547736914747,505.9568907044278,15249245
2022-02-04,497.5093688964844,504.66489886594536,495.9192410157708,500.6895943287448,12663199
2022-02-07,491.5464172363281,501.23622214719006,489.45937626661674,499.7951621057028,13392910
2022-02-08,489.70782470703125,495.42232494460694,476.1917832966711,494.92541188046994,23378623
2022-02-09,498.15533447265625,500.5902205583535,491.64578562517863,493.4346604801473,12430730
2022-02-10,504.31707763671875,507.3482351765281,501.08714274088385,503.57170804537225,14537945
2022-02-11,495.7701721191406,503.86984903082447,493.9315877087175,500.14300103503433,13534899
2022-02-14,468.539306640625,485.4840287785059,465.90564332660153,483.9932896932085,22157389
2022-02-15,500.8883361816406,502.3790752774193,464.41490750658943,473.21027423751667,30623088
2022-02-16,495.3726501464844,504.76428894414937,493.5340657271002,500.88837307547016,20176993
2022-02-17,496.8633728027344,508.3420521717198,495.2235354678801,502.77661992375243,27943077
2022-02-18,490.1053466796875,499.54669485181046,488.4655396419415,494.9254094439204,15476803
2022-02-21,491.3973388671875,497.31058610416306,483.0988846706199,487.12386833889036,22592161
2022-02-22,475.2973327636719,483.2976207443894,468.5393274091009,477.58312066411526,27957544
2022-02-23,474.0550537109375,482.40318695573717,472.3655371949764,478.7757277258787,17703998
2022-02-24,425.3078918457031,458.70042455956803,402.946804584187,453.13502266003434,57265685
2022-02-25,456.91156005859375,462.82483762223126,438.87362199160816,442.1035568914242,48876182
2022-02-28,451.2467346191406,454.5263789905807,437.73072374138553,442.2526204253037,34475468
2022-03-02,444.8365783691406,451.44551601603524,441.80539049888597,450.1535541888226,25791134
2022-03-03,434.4013977050781,455.66927034224165,432.31435681324996,455.66927034224165,29599672
2022-03-04,414.6739501953125,429.1838176700171,412.18938488557427,429.1838176700171,38765185
2022-03-07,391.5675048828125,399.2696575803805,385.10763487840063,399.2696575803805,44836205
2022-03-08,389.3313903808594,393.0085592308648,374.02647388928307,388.08910770574494,55543383
2022-03-09,403.3940124511719,406.7233359893677,387.09527029409577,392.51163473154605,48376222
2022-03-10,417.0094299316406,432.26466635100115,411.44399780849466,424.36373687011405,59776817
2022-03-11,415.5683898925781,418.54986828041797,404.88475900281867,411.04649313602096,51510243
2022-03-14,409.1582336425781,416.4131523271117,401.5057602390289,416.1646957923103,40721277
2022-03-15,411.0961608886719,421.5810444587569,405.4810494800871,407.319633834004,47706136
2022-03-16,422.2767333984375,425.9041928516545,418.10268168360597,424.41345359725017,27191170
2022-03-17,431.12176513671875,433.0100590561377,426.8980040638957,429.33289022577804,26704541
2022-03-21,425.3078918457031,433.6063155216444,424.46313359443496,432.81126677290115,18270995
2022-03-22,437.63134765625,438.72456247818525,418.5995831044917,425.45697741784284,30441493
2022-03-23,433.1094055175781,444.2402700532636,431.9168323860756,440.76187867700764,25466395
2022-03-24,430.5254821777344,432.7118814181419,424.910340403413,427.34522650002134,17109723
2022-03-25,429.4322814941406,434.3020235180983,425.00974303603095,434.3020235180983,15104414
2022-03-28,430.0285949707031,432.2647038484194,423.8668605982179,429.3329045215243,16757901
2022-03-29,431.02239990234375,436.6375114083443,428.73658163135417,433.30818784416715,18710736
2022-03-30,432.9603271484375,439.76804188526273,431.5689766975714,435.74305837933485,18149488
2022-03-31,431.07208251953125,435.5939792650148,429.9291885394914,433.3081913049352,14248045
2022-04-01,438.4263610839844,439.51957581776423,428.1899647794196,431.32051080816206,19380324
2022-04-04,443.9918212890625,446.7248431324759,438.5754567768131,441.6563238297669,18657201
2022-04-05,455.2220458984375,459.04828255790886,445.5322411483152,447.2217576979519,28530470
2022-04-06,453.3337707519531,459.8433499231597,449.80570021848047,453.0853142262391,24974477
2022-04-07,446.7248229980469,456.26555943269244,445.7309969179622,453.6816055586394,19950241
2022-04-08,449.25909423828125,453.43317615593133,446.9236270737431,447.2217627839323,16315704
2022-04-11,449.25909423828125,456.0668093598256,448.2155889234522,454.17854576057124,14339854
2022-04-12,435.5939636230469,448.01678976252646,432.3143496538904,448.01678976252646,22698696
2022-04-13,428.38873291015625,440.1158992145889,427.44461630243666,439.07236360079446,16817981
2022-04-18,431.12176513671875,433.65603997791266,421.0344359345159,427.34523795621425,15298361
2022-04-19,422.326416015625,437.53194331077253,414.4254863386534,434.05355193862556,12669041
2022-04-20,437.830078125,438.9730024082967,425.60602917357244,428.33905096044305,19639290
2022-04-21,445.2837829589844,446.57577511835865,438.32700008735276,441.75571234860917,14124872
2022-04-22,436.1405944824219,444.4887277414134,435.2958362230052,439.3208198372365,14362036
2022-04-25,422.525146484375,433.3081653813728,420.53749434959803,430.0782306623603,14729009
2022-04-26,432.2149963378906,434.7492712751694,428.9353821004332,431.2211701654286,13577513
2022-04-27,427.59368896484375,430.2770316257493,422.4754905026841,426.5998628429034,13701069
2022-04-28,433.3578796386719,436.4884562677356,428.1402923624552,432.1155969538584,13875650
2022-04-29,434.8983154296875,444.98564446450126,433.30818757458974,437.48226940307563,21991752
2022-05-02,430.1776428222656,440.2152927167693,425.85449312725257,435.2461621085166,18945234
2022-05-04,420.8853454589844,437.8797775161955,418.1026445628224,435.2461444664056,14934742
2022-05-05,423.6680603027344,431.3205335128547,421.0841366694464,426.35140294243007,12240729
2022-05-06,406.02764892578125,417.60574747945634,404.4872305724666,416.26407615251054,25142225
2022-05-09,401.4560852050781,404.88476722320667,392.5613290357654,404.63631068584226,18076956
2022-05-10,389.3313903808594,405.9779782273926,387.19467024549596,397.53045603661457,16540303
2022-05-11,385.75360107421875,394.5489682715462,375.2190381729236,393.5551421549932,29215175
2022-05-12,370.00146484375,382.2752239062163,363.93914957028545,379.64159066507995,33511538
2022-05-13,401.80389404296875,416.7609955645555,384.6107140479444,384.6107140479444,71425747
2022-05-16,402.847412109375,409.35696087467494,393.8035886141692,409.35696087467494,24938704
2022-05-17,421.5313415527344,423.0220807285633,402.49957747381796,405.87858020653033,24651585
2022-05-18,412.5868835449219,424.71157363214877,411.4936688109646,421.3822502588462,20490516
2022-05-19,396.18878173828125,404.28845865401956,393.7539259106462,397.53045308327063,17706724
2022-05-20,415.4193115234375,418.79831421162277,407.4687026904531,407.4687026904531,23504236
2022-05-23,418.8480224609375,428.48811744458396,416.95972860542173,419.0467694836679,16345308
2022-05-24,423.1214599609375,424.86065562724787,413.43165553435114,421.28287561929056,14525617
2022-05-25,414.42547607421875,426.3513890547718,410.8974056158045,425.80479684149583,13540006
2022-05-26,418.0529479980469,420.04060022228975,402.49957540917967,419.39461931524403,17712299
2022-05-27,426.94769287109375,430.5751520213669,422.5748641558674,423.41959206614894,16867431
2022-05-30,439.6686706542969,442.45140199559495,433.3081895343055,434.3020156570906,18500266
2022-05-31,440.8115539550781,446.7248313741215,437.6810078099469,441.2091086578982,22308219
2022-06-01,441.8551025390625,443.2464530523172,436.8859718994625,442.3520156030225,11930669
2022-06-02,436.438720703125,442.8489111056776,432.9603293933417,442.2526093867388,12742438
2022-06-03,429.2334899902344,442.3022972449321,427.84213950483235,442.1532293945615,12780122
2022-06-06,429.68072509765625,431.270852940871,421.9785727384643,425.2581867726474,11896105
2022-06-07,433.15911865234375,435.49461609038826,426.4507923704602,429.8297950984646,11153869
2022-06-08,432.9603271484375,437.681001044381,429.3328680100192,435.99151490017397,12844475
2022-06-09,425.8544921875,432.96034287578726,423.4693155666355,429.233494927822,13043367
2022-06-10,425.4072570800781,426.2023361708599,419.39462120629884,420.38844732290147,11914234
2022-06-13,404.1891174316406,415.568408935848,403.0959025735032,412.3384738676776,17442641
2022-06-14,402.64862060546875,409.3072673137054,395.2446346842429,400.51190065046166,19626627
2022-06-15,411.54339599609375,413.829183905093,404.9344584660896,407.46870290124815,15192826
2022-06-16,390.52398681640625,418.3014087319958,387.6915763025478,417.4069712879264,22261032
2022-06-17,386.5486755371094,392.01471911271017,380.2875528802853,385.55484943245466,24824899
2022-06-20,380.3372497558594,390.523966990372,374.3245838248189,388.13876015505673,17049013
2022-06-21,395.145263671875,396.5366141469082,384.6107009394824,386.59835314072006,14743366
2022-06-22,390.67303466796875,394.54895027994894,388.0890808169271,393.9526485713755,12426604
2022-06-23,404.6860046386719,407.3693169415871,392.11408006784,393.8532757625533,26514004
2022-06-24,406.77301025390625,410.3011111034183,403.6424641073901,407.4687006549834,14806456
2022-06-27,411.9409484863281,416.86040017169205,409.8042282813641,414.9721061806762,12018949
2022-06-28,414.5248718261719,415.6180866005554,406.62394220998226,408.7606622563158,13238339
2022-06-29,414.37579345703125,417.30756217621257,409.0091083970643,409.50602143378984,13104313
2022-06-30,409.257568359375,421.3822586891729,407.4686935437757,415.7174378911666,20121916
2022-07-01,410.1520690917969,412.04033273331555,399.816252746114,408.1147072626795,14725989
2022-07-04,405.92828369140625,412.338443854931,402.4995715061689,409.0091203457752,11525133
2022-07-05,409.45635986328125,416.2143653215913,407.66748498583627,412.4378382118003,16771012
2022-07-06,413.7795104980469,414.7236271131101,408.1146894910024,411.44401305376834,12196920
2022-07-07,428.19000244140625,430.27704342052436,416.7112922208402,417.30759397618357,17616800
2022-07-08,438.82391357421875,441.10973186032356,426.64954353708345,433.556647240839,23730027
2022-07-11,434.3516845703125,438.4760871457677,430.773934876141,435.34551066961916,12619654
2022-07-12,427.8918151855469,432.3143534618226,425.50663861159063,430.3267012619981,9518822
2022-07-13,424.463134765625,433.1591131690977,423.0220747842404,430.02856700968067,10181698
2022-07-14,425.4072570800781,428.58751278487296,420.68658302621577,425.35757790591447,10744547
2022-07-15,437.4822692871094,439.0226876383846,427.0470950478269,427.9912116624527,15774084
2022-07-18,448.1162109375,450.99830074505235,440.4637676780796,441.20913730050694,21185764
2022-07-19,446.2776184082031,449.0603498124991,441.70604240322945,443.9918304057163,11553440
2022-07-20,450.65045166015625,457.905369969681,448.9609351791717,451.5448890733741,17154184
2022-07-21,452.04180908203125,452.68778998324336,447.3211350920852,450.153545551886,10931800
2022-07-22,452.09149169921875,457.11033175583793,449.507537745522,453.7810082191036,10340910
2022-07-25,446.7745056152344,454.77482381910113,443.5445708300549,453.184696012872,12505062
2022-07-26,438.4263610839844,445.9297660478463,437.03501066333934,445.9297660478463,11563528
2022-07-27,441.3084716796875,442.252618615139,433.4075723086694,438.4263820287029,10081023
2022-07-28,439.51959228515625,446.4763749781944,424.76126864909236,437.53194008714536,36380444
2022-07-29,446.82421875,449.9050857128992,442.4016804919002,442.4016804919002,16004096
2022-08-01,476.2414855957031,478.03036046786656,448.2652562446978,449.1597240099456,43084536
2022-08-02,473.3096923828125,476.9371516759236,466.35290950264516,475.9433255501854,19065689
2022-08-03,464.9118347167969,473.3096773441226,456.76247894217687,472.06739472642147,19125906
2022-08-04,466.00506591796875,471.0239060679494,453.63194880687763,470.22882696708615,18540405
2022-08-05,462.37762451171875,469.98038862861415,461.1353418021225,466.0050839579062,11917799
2022-08-08,465.35906982421875,468.9865290116871,461.5825427880643,463.12296110643024,10561754
2022-08-10,472.6139831542969,474.2538204598367,460.48932310032137,467.0982605076282,13360759
2022-08-11,473.70721435546875,482.00566852896566,472.66370906042306,479.57078240163736,12777503
2022-08-12,474.60162353515625,478.47756943831735,467.0982489025366,472.81274875613144,13482890
2022-08-16,486.8257141113281,488.3661324123874,475.24764627958024,476.6389967336282,16796376
2022-08-17,482.4031982421875,491.3476334271323,481.21062508169484,487.86924196632043,15948755
2022-08-18,481.806884765625,483.79453698054783,476.29116200088055,481.0118360113222,12070974
2022-08-19,468.09210205078125,485.08653475157917,465.2100123715035,483.7448634250908,16636593
2022-08-22,451.7933654785156,466.05477653240877,449.7560037112928,465.6075426415347,15050653
2022-08-23,457.60723876953125,459.24704576473073,444.83656734959544,446.2279178203961,17779238
2022-08-24,460.34027099609375,462.02975720288913,454.87422733513876,456.166189159698,12214113
2022-08-25,456.364990234375,465.90569722057467,454.5760849275867,463.1229960711277,11255809
2022-08-26,462.1788330078125,467.5455184124279,461.08564852014405,462.1291538326155,11252560
2022-08-29,450.5510559082031,454.07912633292943,447.3708003454231,448.21555857264576,11647725
2022-08-30,468.1914978027344,469.4834596452939,454.277931926452,455.8183503025166,14421066
2022-09-01,464.0174255371094,471.4711216969339,459.29675130255384,459.6445965225125,13385159
2022-09-02,458.8992004394531,468.88714058589517,457.3090726179013,467.9430239909365,10806707
2022-09-05,456.16619873046875,461.08565026020915,454.1785464484188,456.91156833623745,9378108
2022-09-06,454.92388916015625,460.8371664813426,453.7809952313761,459.84334039907026,9805875
2022-09-07,443.0973815917969,453.6816237021473,440.91095199650556,450.4020096383766,20764508
2022-09-08,439.46990966796875,449.75598544873577,437.2834801356245,449.65662710294635,19336014
2022-09-09,443.1470642089844,446.87391218729914,437.87979786463274,444.73719207889866,14294289
2022-09-12,448.215576171875,450.20322839436665,444.2402717268916,444.9359621364301,8962633
2022-09-13,453.9797668457031,456.116517301684,450.74983190332915,451.4952015054154,10661280
2022-09-14,447.4205322265625,451.8927497752676,444.24027650470566,444.83657824369965,10360461
2022-09-15,444.48870849609375,453.0356187387101,443.2961050839465,449.60690667566024,10356713
2022-09-16,429.8298034667969,443.643980680012,426.4508006730069,443.24645629177206,20992324
2022-09-19,422.8233337402344,428.93535829584357,421.4319529126706,428.8359696182796,15236142
2022-09-20,431.5690002441406,440.6128241619525,427.94154090780677,427.94154090780677,17557661
2022-09-21,425.0097351074219,433.3081892939068,422.87301501045266,431.2708578749942,10831068
2022-09-22,429.5316467285156,431.9168232703467,419.9412007302006,422.37608677385714,13600786
2022-09-23,420.4878234863281,429.23348092048656,417.9535487669139,429.23348092048656,13441609
2022-09-26,395.0458679199219,415.3199139435641,390.7227183938331,413.431650452044,33230938
2022-09-27,396.33782958984375,401.5057373507772,387.94001738978324,401.40634867668905,21932747
2022-09-28,396.635986328125,404.0896817727935,390.42457345756793,392.46190474744486,18114880
2022-09-29,399.7665710449219,410.69865875528643,397.132937798713,408.4625499054392,20725995
2022-09-30,402.10205078125,405.7295100224145,390.07674876619154,395.54279237947577,20951277
2022-10-03,395.1949462890625,404.0399925958147,393.0582262199453,402.9964873127378,20332430
2022-10-04,405.38165283203125,406.4251884157592,400.4125224214176,403.49338934183106,12761425
2022-10-06,411.54339599609375,415.0714665358895,406.9717898489295,407.0711785252264,12771199
2022-10-07,409.6054382324219,411.444022660385,406.1767562410855,410.8477209095366,10670854
2022-10-10,393.5054626464844,400.90944901101375,390.6233426475966,400.90944901101375,32914630
2022-10-11,390.9215087890625,397.0335333365453,388.8841470537908,394.54896804657943,14641301
2022-10-12,394.10174560546875,395.74158300779186,388.68541131357955,392.11409331578454,14287344
2022-10-13,396.53662109375,401.0088386248825,392.1140827368525,394.1017349729114,12584114
2022-10-14,393.8036193847656,406.67368040231975,392.8594723927439,404.48725069930504,12875470
2022-10-17,393.654541015625,396.43724208229054,390.0767608376501,391.56750005104243,9543556
2022-10-18,401.75421142578125,404.1890975660889,398.2261408102332,398.52427651635935,14215544
2022-10-19,396.5863037109375,404.4375543748635,394.8471079892872,403.69218477987056,8648435
2022-10-20,395.6421813964844,397.4310562670666,390.67305083468267,394.5489666070548,10747183
2022-10-21,395.59246826171875,399.76655002697936,392.2631750792082,394.5489629849865,10279618
2022-10-24,399.1205749511719,403.4934038034051,397.67951494877894,403.4934038034051,2871205
2022-10-25,402.0523681640625,407.9656460546213,400.7107270871442,401.85362112597034,17979661
2022-10-27,405.18292236328125,409.1582268541482,401.50575357756276,406.0276503042574,14614841
2022-10-28,407.36932373046875,408.6613158941438,403.5927965763926,405.4810601534307,12488938
2022-10-31,410.2017517089844,413.72982248117404,409.05885767920233,411.7918796469787,9928218
2022-11-01,418.7486267089844,419.7921319658915,410.2513954902465,412.3384363332259,17324893
2022-11-02,419.543701171875,422.475500432172,417.55604888127823,420.4381386368101,12433578
2022-11-03,413.68011474609375,420.6865766299469,411.9409190684826,416.8106608999608,10987519
2022-11-04,422.72393798828125,423.3699188878874,414.3260953059046,415.6180874342825,12277023
2022-11-07,432.3143615722656,434.798926868658,425.60603527200635,425.60603527200635,15058076
2022-11-09,430.47576904296875,438.4760873434945,429.3328750940839,436.4884351439848,14471443
2022-11-10,409.6551513671875,417.953575460517,406.6736729156917,417.90389628465897,26251660
2022-11-11,420.8853454589844,422.87299762171864,412.1396880746195,417.40695417419937,19296401
2022-11-14,431.02239990234375,434.9977043779783,420.88536135780913,421.3822744172635,17996083
2022-11-15,434.4510803222656,435.7927516440154,431.4199228016761,432.2149715624046,10696024
2022-11-16,428.8856506347656,435.4946186065838,426.9477078951908,434.25233595461293,8206169
2022-11-17,420.5375061035156,424.9103348564114,417.0094355973437,419.3946121599082,15621809
2022-11-18,421.1835021972656,423.8171657078185,418.5498690158793,421.38227955513753,9851962
2022-11-21,418.50018310546875,424.9600528531715,417.4069683131012,422.9724006231091,9497812
2022-11-22,422.0779724121094,423.7674586470952,417.9038905060658,418.400803574444,6407614
2022-11-23,421.43194580078125,426.64953282859716,420.239372677637,424.21467707978246,6568241
2022-11-24,420.78594970703125,422.62453399246687,418.10263752997463,421.8791644439793,6768613
2022-11-25,430.5254821777344,432.463424891107,421.3822698511838,422.37609595932344,18764073
2022-11-28,430.5751647949219,437.63133628497656,429.7304065304142,432.314360498075,10701208
2022-11-29,430.47576904296875,435.19644301680415,426.8979890180183,429.82978814396125,8630105
2022-11-30,436.6871643066406,438.2772920670478,430.6248192802431,432.3143357123941,14727892
2022-12-01,435.5443115234375,440.8612875074692,434.152960975163,440.2649857498752,8909310
2022-12-02,432.7118835449219,438.42638369481125,432.3143591655454,436.28966361764236,8352658
2022-12-05,426.10296630859375,434.79894521285075,425.15881932446456,432.81129289187777,12857807
2022-12-06,424.463134765625,428.68689570445457,422.72393908493046,426.1526209436574,8461831
2022-12-07,417.50634765625,425.35756772363357,416.5125215634378,425.35756772363357,12133315
2022-12-08,414.624267578125,418.79831906632796,412.78568319835136,418.40079468590375,9539923
2022-12-09,410.7483215332031,418.35111558249355,407.0214735989102,416.71127822807176,9920219
2022-12-12,411.59307861328125,414.32610042389956,405.481054084459,409.45635853626743,8009229
2022-12-13,415.9162292480469,418.89770759391104,414.6739466039368,417.357289246881,9717894
2022-12-14,415.3199157714844,418.74862790396105,414.77332355519513,417.9535488367087,6314883
2022-12-15,414.12738037109375,420.18969579160984,413.1335541934133,416.26410058727305,7542601
2022-12-16,418.9971008300781,425.15880461440537,410.54957875821833,414.7733397941482,50949198
2022-12-19,415.4193115234375,420.2393741942675,412.9347462631299,419.2952272636843,9809103
2022-12-20,407.96563720703125,415.4193333801195,405.4810718160018,415.4193333801195,12341042
2022-12-21,400.1144104003906,411.8415467315847,398.52428250908457,410.0526718095947,11606059
2022-12-22,392.0147399902344,402.20145810545887,387.7909788205071,401.60515634507567,14908929
2022-12-23,376.0141296386719,387.59219821172724,374.6724582713363,387.59219821172724,19902886
2022-12-26,382.42425537109375,388.2878533825185,372.8835494680362,377.9023589343147,16979026
2022-12-27,391.716552734375,394.9961970743093,386.10144131391826,387.59218046957045,14372461
2022-12-28,388.8841552734375,393.45576156943565,387.98971781597777,391.56749797498355,8443917
2022-12-29,383.5174865722656,387.5921796549845,380.68507611664603,386.59835355330506,15627403
2022-12-30,385.55487060546875,389.77863178220196,384.61072362253196,388.58602825945735,9198673
2023-01-02,392.3625183105469,393.55512172015256,388.5859913954032,390.076730492828,10501357
2023-01-03,391.4681091308594,395.89064757028257,390.57367167377566,393.55515008349914,9431220
2023-01-04,383.2193603515625,392.36254251565157,382.6230586099734,392.36254251565157,16121049
2023-01-05,384.5113220214844,386.3499064201208,380.1384931336237,385.50514814732395,10443908
2023-01-06,379.6415710449219,386.00205203324447,378.64774494271,383.7162641298235,8715469
2023-01-09,387.04559326171875,390.2755281408372,382.6230549109517,383.96472623426484,14693099
2023-01-10,410.35076904296875,415.1708314403048,397.5304190930507,397.5304190930507,54021379
2023-01-11,415.61810302734375,417.4069779440085,410.99678722248734,413.1832168576703,22224361
2023-01-12,409.704833984375,417.9038997948567,407.5184043032462,417.7051224314205,12479034
2023-01-13,408.9594421386719,413.7795048129438,405.4810507717573,410.45018129592097,10449630
2023-01-16,410.4501647949219,412.3384282523586,405.0835101104096,410.9470778273612,11462140
2023-01-17,412.7359619140625,416.86036443959017,409.95326100135577,410.4501740449938,12337969
2023-01-18,405.87860107421875,413.3820068425015,404.9344844118197,413.33229733658504,13310316
2023-01-19,398.2757873535156,405.28224883592935,397.62980649039076,403.9902871096796,13126520
2023-01-20,400.6609802246094,409.9532601880379,398.723037555765,401.50573846295106,23906114
2023-01-23,405.87860107421875,408.412876000924,402.4995981677796,404.4872505044106,13113183
2023-01-24,419.543701171875,421.3822856065104,407.46871957233316,407.46871957233316,30197475
2023-01-25,416.4627990722656,424.6121849108214,415.1211581521458,421.1337936944659,22975581
2023-01-27,442.8489074707031,450.60073876578303,432.46341279935825,435.2958231941946,63360467
2023-01-30,440.91094970703125,447.2217516010121,434.94799301901776,442.8489227623021,18316743
2023-01-31,449.30877685546875,451.99208907409894,438.1779126272668,440.9606438488998,25154475
2023-02-01,443.8924255371094,458.6507493221941,434.9479905557448,453.97975447803736,23798589
2023-02-02,442.0538635253906,446.4267228896487,437.97920053559073,443.99183666769443,11344554
2023-02-03,442.6998291015625,448.01677424173073,439.61896225987,444.2402473578266,13067403
2023-02-06,439.2711486816406,444.24027932283565,436.8362625357885,441.70603482749283,6795084
2023-02-07,432.7615966796875,440.66249614703275,430.2273218727091,438.97300993821347,9023645
2023-02-08,437.38287353515625,438.2773109610804,428.8856421659624,432.76158822690996,8668267
2023-02-09,434.0535583496094,437.97918365925176,430.8733026307219,437.2834932428807,7349418
2023-02-10,443.0973815917969,445.03532432796453,428.53783500212853,435.2461613109774,14798390
2023-02-13,438.3269958496094,444.14088468766903,436.19027576838505,442.74953419262755,8333767
2023-02-14,437.830078125,441.55692601618716,431.7180536492862,439.2711381079253,8565559
2023-02-15,441.4078674316406,442.15323702552354,435.44491068057715,435.79275589022245,9857016
2023-02-16,438.87359619140625,445.48253345513643,437.7803814545178,442.2525987451996,7670688
2023-02-17,437.1841125488281,439.7183874011757,433.3081966719537,433.3081966719537,6955445
2023-02-20,440.2649841308594,442.55077214253555,433.5566576232221,439.072380620057,9717197
2023-02-21,433.80511474609375,442.45141438816387,432.5628320578174,442.45141438816387,8957930
2023-02-22,426.7986145019531,433.15909523358175,425.6060110957633,432.6124727019262,7209130
2023-02-23,430.5254821777344,433.75541702918804,424.56252552889686,426.0035551881997,9278920
2023-02-24,425.109130859375,434.0038869330438,424.3637612552966,432.7118947551412,7895024
2023-02-27,415.36962890625,425.40724821134273,410.4998567730875,425.1091125142438,10438928
2023-02-28,418.1026611328125,422.1773239645703,416.4131445958645,416.4131445958645,9652088
2023-03-01,423.36993408203125,425.35758635471683,418.8977164684887,418.8977164684887,7595114
2023-03-02,417.8542175292969,423.6183970763225,416.95974972961426,423.3699405384478,5661103
2023-03-03,425.3575744628906,427.84213973428604,419.34493863778016,419.99091954250974,8027522
2023-03-06,437.38287353515625,438.7245448386253,427.3452238396022,428.28937076812343,11307064
2023-03-08,436.5877990722656,438.5257721232302,433.4075737098914,436.28966337019386,7850052
2023-03-09,429.5316467285156,439.32080941747165,428.63717898730937,436.38904065971695,5696737
2023-03-10,433.15911865234375,435.0970613807215,428.14027856987934,430.3267081563819,10417015
2023-03-13,419.7921447753906,434.3020121155654,416.51253072861,433.40757467818577,8780169
2023-03-14,414.0776672363281,421.581073009567,410.8477321871693,420.23940161562126,9189043
2023-03-15,408.81036376953125,422.37608368560046,407.5680811704559,419.39460544781974,7681009
2023-03-16,413.1335144042969,415.9162153021313,402.49956319561096,410.74830754425005,11854885
2023-03-17,416.4131164550781,420.8356545252285,411.9905783849277,416.4131164550781,8658701
2023-03-20,408.2140808105469,414.3758149167123,402.9964936547213,413.03414358223813,10075022
2023-03-21,410.0029602050781,411.3446315542822,405.1829277096351,410.30112624332725,7391950
2023-03-22,413.53106689453125,415.81685490683464,411.19556937725,413.4316782137426,5728054
2023-03-23,416.56219482421875,419.89151825372033,413.4316487421246,413.4316487421246,9817460
2023-03-24,413.9285888671875,417.9535726176626,412.2390722911648,416.41315422653435,6877960
2023-03-27,409.50604248046875,415.91623311534676,407.7171675879833,413.4316678040245,7433933
2023-03-28,399.1205749511719,411.9409258042153,397.9776809816014,411.5930805971722,9553659
2023-03-29,406.67364501953125,408.06499546895486,399.1205607280194,399.1205607280194,10478506
2023-03-31,418.2020263671875,419.1461733291154,408.46254235510713,408.8103875689315,11037881
2023-04-03,421.6307373046875,422.32642773008024,416.91006316868925,420.38845463731957,6948329
2023-04-05,423.9165344238281,426.1029640972184,420.5375315615437,421.63074639823884,8821326
2023-04-06,434.947998046875,436.58780508920114,421.1338209591229,423.8668428060553,10907492
2023-04-10,458.45196533203125,470.37787846787427,449.20939478341916,449.2590739564856,50462653
2023-04-11,455.8680725097656,460.8868824947531,452.98595237746173,460.8868824947531,14495222
2023-04-12,462.62603759765625,465.7069044938925,455.3711193867596,456.5140133063988,13552440
2023-04-13,466.6013488769531,469.0859140999401,460.3899358194857,462.07945230278295,12733670
2023-04-17,469.2349853515625,470.07974359933945,462.92418357356064,468.0920914065304,10710167
2023-04-18,470.07977294921875,480.36587975506154,465.2100308386227,472.06742526612874,16140056
2023-04-19,466.501953125,472.56429824295077,464.9615348417836,470.0797330576566,7368610
2023-04-20,473.8562927246094,476.7384128018758,466.50198533420024,470.77545594546297,14264206
2023-04-21,468.2908935546875,473.75693737435347,464.31558895856676,473.75693737435347,8478118
2023-04-24,472.2662048339844,473.06125363279267,465.40878004530106,468.290900181608,8020593
2023-04-25,470.6263427734375,473.4587532558678,468.9865357559777,472.2661801200634,6888352
2023-04-26,475.2476501464844,476.53961193664856,469.6822179558437,470.0797423274969,7791425
2023-04-27,478.62664794921875,479.02417231684365,473.5581288567967,475.5457810240865,7085793
2023-04-28,481.95599365234375,484.9871512157757,475.396735131543,478.42789269497496,9947813
2023-05-02,477.28497314453125,481.0118209306676,471.62015237793804,479.5210818162131,11542592
2023-05-03,480.71368408203125,482.1050345196726,474.8004068105996,477.28497199537514,8529233
2023-05-04,477.8315734863281,483.3970056741678,475.7942421269026,480.6143047448307,5650101
2023-05-05,474.1544494628906,481.707534065336,473.21030251414754,478.67634619195894,4830674
2023-05-08,497.40997314453125,499.19884802916874,475.1482741185813,477.0365376810689,23515333
2023-05-09,500.54052734375,509.6340304225562,498.4534863922617,498.90072028514015,19818780
2023-05-10,506.35443115234375,509.73346437724405,501.23623246756966,504.86369190459396,12481404
2023-05-11,508.44146728515625,510.97574217950825,502.3791216699915,508.838991681574,11454020
2023-05-12,512.7645874023438,517.2864840166444,507.14944568522833,510.7272560330799,19766717
2023-05-15,527.5725708007812,533.8337238746901,518.2803208551107,520.6157879705113,38270067
2023-05-16,517.9324951171875,532.6411092325462,515.6466465656471,530.6534570370023,16514882
2023-05-17,512.3173217773438,520.7151639168046,509.33584366806724,519.2741040323222,13684847
2023-05-18,505.3108825683594,517.6840293975115,503.9692112943652,515.5969582342628,12293322
2023-05-19,521.708984375,523.1500442440743,501.63368652218907,506.6524958208101,19343560
2023-05-22,519.274169921875,523.7463876532596,516.1435932465718,521.7090561517402,9978339
2023-05-23,525.2371215820312,527.721686963214,517.9325236246877,519.2741646671926,12256902
2023-05-24,516.9883422851562,526.3800109334516,515.9448370260858,523.895445717412,7648284
2023-05-25,511.67132568359375,514.8019020540106,505.9568561347457,514.8019020540106,11543712
2023-05-26,515.2491455078125,516.5411072856632,509.03773248128937,511.72107504041344,8360570
2023-05-29,518.2305908203125,521.8580194022339,516.4913952834343,521.7586610634572,6596504
2023-05-30,515.5969848632812,520.267979812751,514.8019360897899,518.2306483749503,5134688
2023-05-31,523.0507202148438,524.2433237940048,513.2118771680254,516.7399480685259,12327284
2023-06-01,531.8956909179688,532.9391960933395,519.6219033402177,524.243218534707,12511265
2023-06-02,532.5914306640625,537.9083760298472,529.4608541891937,533.6846151095205,12294728
2023-06-05,542.8775024414062,545.4117468428763,534.5790788413321,535.6722632785684,15008325
2023-06-06,552.31884765625,553.5611302645636,541.9830320917482,546.0577554420153,15395092
2023-06-07,564.4435424804688,571.4500043147486,548.7411023196601,555.3500094528234,20855239
2023-06-08,556.2444458007812,572.9903902837868,553.5611033655484,566.4808418642058,21527339
2023-06-09,558.8284301757812,562.952832948053,555.846951735585,560.9155014789192,9361533
2023-06-12,560.6670532226562,565.3877274893526,557.188661657722,563.4994335193401,7599572
2023-06-13,558.7290649414062,567.5244019683009,557.2880049147304,564.195108681096,12845897
2023-06-14,566.779052734375,567.6735205508908,560.5179599937713,562.5056123341748,12713256
2023-06-15,564.9404907226562,571.4500399152412,564.2448002815272,568.2697840831763,12475759
2023-06-16,566.2821044921875,568.6673114159225,562.5552565853089,566.1330669709115,8736313
2023-06-19,562.5552368164062,569.6611175058113,560.7166828436214,567.1268731498568,6280388
2023-06-20,579.6490478515625,580.3447382232558,559.0271571650303,562.5552275363616,18074902
2023-06-21,577.810546875,582.282764542273,570.9531221885144,581.3386175697374,9146332
2023-06-22,565.8348388671875,581.0901051718245,564.6919753015275,580.394414803237,11229179
2023-06-23,556.19482421875,567.6238248432247,554.2568511116287,566.4809005174437,9362695
2023-06-26,564.3441162109375,565.4870404681859,554.3561762218561,556.5426057331882,6986621
2023-06-27,569.5617065429688,573.3382942025314,564.9404516306049,566.4808699347261,9404450
2023-06-28,583.028076171875,586.3573691741938,571.9468914572009,575.4252826302682,16720940
2023-06-30,591.8731079101562,595.3018200068029,584.3697331619368,584.717548025487,12488047
2023-07-03,587.1524658203125,598.5814663220859,586.357417047508,596.2956783533979,11131048
2023-07-04,587.7984619140625,592.7179132653126,585.8604888777116,590.7302610553799,6917886
2023-07-05,584.6182250976562,589.3388992484661,581.3386109771814,588.3450731114534,8715919
2023-07-06,597.0906982421875,601.2151007479488,584.9163287314024,587.1524374170568,14356681
2023-07-07,614.38330078125,620.9425287099061,588.5438224491743,596.2956538171309,21066726
2023-07-10,614.8305053710938,630.8807595602567,613.737260329498,620.1474504344038,23802524
2023-07-11,624.6196899414062,626.5576629249191,618.3089186102626,621.091619496633,12051173
2023-07-12,617.61328125,626.9055316125513,615.5262099122867,626.0608036371684,10785502
2023-07-13,616.8182373046875,622.6320961417995,611.7000082606186,621.1413568852748,9689708
2023-07-14,621.0419311523438,622.1351155585239,615.6752461477724,619.1536373689463,7010179
2023-07-17,614.6814575195312,623.1289795711335,613.3398165158452,623.0296212220949,7580645
2023-07-18,608.3209228515625,617.0169011022656,603.2524340773421,616.5697278903223,10359400
2023-07-19,616.7684326171875,621.4394272614837,606.382998748747,610.2092048415062,11128348
2023-07-20,617.8120727539062,619.749985289823,612.3957079088574,618.8058989398478,7834891
2023-07-21,621.88671875,627.1043060827008,613.8864303048591,617.1660444966041,12914610
2023-07-24,625.3651123046875,630.5330204776487,622.3836338193255,624.073150426031,12247844
2023-07-25,635.5021362304688,638.5332938204399,629.4397603921927,632.0734239218673,13988137
2023-07-26,637.1419067382812,661.2919301882657,635.0548961316981,636.0487222602297,31673714
2023-07-27,639.7258911132812,644.4465652241445,632.8187873878252,643.0055052060038,11696851
2023-07-28,633.3455200195312,644.0126141887287,629.8562875897162,644.0126141887287,9299530
2023-07-31,642.31787109375,643.5640256088502,633.94374926071,638.2305086231769,7502361
2023-08-01,641.6698608398438,650.8914035845547,640.0249126599417,643.015683279848,8924219
2023-08-02,620.7344970703125,642.3178562651387,614.5535586486318,642.0187913578967,15762687
2023-08-03,617.0458374023438,624.5227639541597,612.2606165786583,621.0833655708476,11458920
2023-08-04,613.1079711914062,623.0772064953316,611.4131890202623,622.9276436268193,11806739
2023-08-07,607.6249389648438,617.0957132391112,606.6280153570261,617.0957132391112,9893466
2023-08-08,605.431640625,612.8587330074172,603.3879595815198,610.6654890972065,8863640
2023-08-09,620.634765625,622.0803169926172,603.4876677948287,608.72151661568,13362350
2023-08-10,616.3480224609375,626.3670925813626,596.1603193394915,621.0834096128816,53116980
2023-08-11,609.9178466796875,622.8280194769792,608.1233963680789,617.8434014739621,9347707
2023-08-14,605.4815063476562,610.1172252905338,592.6710628026509,610.1172252905338,14492164
2023-08-16,616.846435546875,619.4384123916337,595.4624136117733,604.8335191533782,14562074
2023-08-17,611.86181640625,620.0864355269857,609.1202766993381,618.0925884674134,12119293
2023-08-18,613.905517578125,618.1922767271193,609.0206286306237,610.9147468908194,11190760
2023-08-21,618.591064453125,621.3824382312206,612.9085880332325,615.1018320186594,9580365
2023-08-22,618.2919921875,624.572598325204,616.6968780137538,619.8870455138622,8534395
2023-08-23,612.0114135742188,620.8341629683347,611.2637208849754,620.8341629683347,8248333
2023-08-24,609.0704345703125,617.0956567085973,607.7744461683493,616.0987331921052,7096025
2023-08-25,603.2384033203125,614.802752770153,591.4747178424923,608.9707136145462,16075509
2023-08-28,600.5467529296875,606.6279620641798,599.6993314290564,603.5375234903984,7479254
2023-08-29,605.2821655273438,608.6218351239593,601.7430382012944,601.7430382012944,6956667
2023-08-30,603.6870727539062,611.0144977095139,603.1387769443435,609.3197154230027,5676055
2023-08-31,599.1510620117188,607.7744751799598,597.2070488922868,606.927053642061,10544271
2023-09-01,609.3197021484375,613.0083315510989,600.0483250561276,602.3412371126838,10297492
2023-09-04,607.12646484375,613.7061361829049,604.1356940809729,613.7061361829049,8392665
2023-09-05,609.2698364257812,616.9959937417805,606.1793369909517,608.1233500334862,8560651
2023-09-06,608.3726196289062,610.6655317120245,603.7369006053559,609.2698751971376,6520064
2023-09-07,613.00830078125,614.6033540846901,607.1762616428193,609.0206066752665,6520293
2023-09-08,625.3203125,626.9652607379182,612.3104720140368,616.0489354207725,16190749
2023-09-11,632.8969116210938,633.4452682690401,628.5603183788462,632.6975755826259,8780510
2023-09-12,618.89013671875,637.0341577634941,613.3572231048353,636.037234198919,12541377
2023-09-13,623.9744873046875,626.5664642498215,617.6439861216555,619.0895374687974,6988358
2023-09-14,622.6784057617188,628.8593437503182,621.382417356218,626.1676380789655,5722295
2023-09-15,632.2987670898438,634.5418450968633,625.2206341622028,626.7658535086725,18917805
2023-09-18,638.6790771484375,642.2181434734176,631.2021507516981,633.9436904305026,11108349
2023-09-20,636.5357055664062,645.0095559928972,635.0403201970255,638.7289496109753,11777925
2023-09-21,625.1209106445312,639.7258652429947,622.0803059340424,636.5356976584712,9266854
2023-09-22,618.541259765625,628.859394686272,617.0957083762032,626.0680207758572,6551917
2023-09-25,616.796630859375,623.2766341266844,615.9991041651834,621.9307507858114,6390681
2023-09-26,617.8931884765625,623.7750616115977,616.0489042947104,616.7965969382801,6271108
2023-09-27,618.2421875,619.9868037791773,614.8526229615006,618.0427906129023,5960490
2023-09-28,612.2107543945312,621.8809254204081,610.3664700856162,620.9837306947416,6768196
2023-09-29,628.26123046875,631.0526042263407,615.1018275002405,616.7966096968655,8969405
2023-10-03,618.541259765625,630.7037398546336,616.6969145972636,630.6538449967253,6894577
2023-10-04,611.7122802734375,618.8901421710914,606.428597504118,618.8901421710914,7612709
2023-10-05,617.6937866210938,619.4384027753547,612.7590638912332,617.0956568500145,7893892
2023-10-06,620.5350952148438,625.4199842537205,618.0926202717121,625.0710853392959,7922379
2023-10-09,615.4507446289062,620.086463591171,611.8120100889332,618.8901431318072,6381189
2023-10-10,628.6101684570312,630.5541816608784,615.6999955721253,618.0926365687661,9833429
2023-10-11,632.049560546875,635.8378580462904,630.6538431720121,631.0526369497979,7701931
2023-10-12,634.990478515625,638.2304801101379,633.0962993983401,635.040312524525,5928732
2023-10-13,665.0476684570312,666.9418475198828,631.0526001197098,631.9996896511356,28011678
2023-10-16,664.1505126953125,675.7148020851172,659.215728719166,666.4932588100286,20005816
2023-10-17,653.6828002929688,668.836050802353,652.6360427087025,667.9387952459041,10263992
2023-10-18,666.4434204101562,670.1818838754339,651.7886314567905,656.5738525228685,14908778
2023-10-19,666.7424926757812,670.2317252818793,656.5738597685321,660.9105139445438,10633043
2023-10-20,661.1597290039062,674.3191324010893,658.4680231742165,664.5991275169885,11759568
2023-10-23,645.3584594726562,665.1972631857534,643.0157133830063,661.6083626128029,8564004
2023-10-25,635.8876953125,649.89452060106,634.0932449980509,648.00034141796,8229559
2023-10-26,624.6224365234375,633.6944773142168,622.2298565178421,633.046452669381,8889373
2023-10-27,639.0778198242188,641.9689224141382,626.5166076244926,628.0618269339805,10232856
2023-10-30,626.5664672851562,641.8193858228594,619.9369011682443,641.8193858228594,12786883
2023-10-31,626.7160034179688,640.024908245809,625.3701201398628,640.024908245809,11395766
2023-11-01,625.7689208984375,631.8501301794402,624.3732035975265,628.0618328807475,8785264
2023-11-02,634.4920043945312,636.2366206038075,628.1615033552984,630.055682435752,9934305
2023-11-03,645.5079956054688,663.9510811941965,644.212007166008,659.9633870128499,23087856
2023-11-06,644.0624389648438,650.8415068475508,641.2212312231026,650.8415068475508,10801301
2023-11-07,643.0156860351562,647.9006357408887,641.3209038404705,643.0156860351562,6588073
2023-11-08,640.5732421875,647.0532455387106,639.9252783608113,646.0064879360694,6551864
2023-11-09,647.352294921875,651.6391149447002,640.7227896992147,642.0187781688983,10155047
2023-11-10,649.0470581054688,650.9412371691323,642.0187593227324,647.3522759191462,6425792
2023-11-13,651.2402954101562,651.9879880570106,647.3024353005799,650.9910645278715,3279829
2023-11-15,669.4840087890625,671.4280219128531,654.5301552943442,657.9695537676065,11324434
2023-11-16,678.3068237304688,683.3911096162302,668.8360497824684,671.9264885212825,17501373
2023-11-17,679.4532470703125,685.5345173566953,677.5092339390312,680.4003366314379,9563220
2023-11-20,672.2255249023438,684.6372350349587,668.6366245290644,679.9018482618739,8324354
2023-11-21,679.602783203125,681.1978365136565,672.9233833764305,674.9172304382865,7291057
2023-11-22,679.1043701171875,685.2354137634501,673.9701892259266,681.8459100237585,9279642
2023-11-23,677.8582153320312,683.789922933257,674.9671125473501,681.0982170384483,5885370
2023-11-24,671.62744140625,679.8520611052309,669.1849664170752,679.3037652947763,6951690
2023-11-28,695.3541870117188,697.2982001341319,672.1757141113281,675.3658816907515,16015860
2023-11-29,710.1585083007812,712.2022503764758,692.2138833446287,700.5880659964552,16122864
2023-11-30,704.226806640625,715.0434026130719,694.8557011102281,714.0963130891407,24275245
2023-12-01,703.2797241210938,708.8126376037984,700.8372492763295,705.8218669809976,10565415
2023-12-04,703.4292602539062,714.7942135106028,702.6317335519632,713.7972899213273,9348036
2023-12-05,706.7689819335938,712.7006893849618,702.8311216358023,703.7283771938664,9601509
2023-12-06,720.2274169921875,722.5701629506019,706.8187833335206,706.8686173405837,12148825
2023-12-07,719.72900390625,725.2619177069076,713.7972963273482,722.7696087113513,10451801
2023-12-08,712.3517456054688,725.361586404941,705.3234464009159,719.828672599118,8557203
2023-12-11,718.58251953125,724.2649962272178,714.3455942264108,715.5917487278341,6403209
2023-12-12,713.1991577148438,722.5702029141743,710.8065167696518,722.5702029141743,6461539
2023-12-13,718.0840454101562,719.2305318707499,711.3049772082029,713.7972861682878,5807736
2023-12-14,717.5357666015625,722.4705506288765,716.389280113817,721.7726919340483,6732352
2023-12-15,730.1468505859375,731.7419039668016,719.0311283869968,721.6730001994009,12082079
2023-12-18,728.5517578125,732.4896182187439,725.8600519115619,730.6453338898465,5450397
2023-12-19,726.7074584960938,730.3461930681092,723.7665217547479,730.3461930681092,4511101
2023-12-20,703.080322265625,730.7449503306673,700.8870783216224,728.7012692556995,8107602
2023-12-21,706.6692504882812,709.709916064297,694.1080378055482,700.8372719243093,7702232
2023-12-22,722.4705200195312,728.7511263121148,709.8095785693922,714.5947995138661,12062238
2023-12-26,717.3363647460938,725.2619195414886,714.3954279544205,725.1622515203692,7229143
2023-12-27,738.6206665039062,739.5676951779454,722.9191209321718,725.7603286490562,15052800
2023-12-28,751.5806884765625,755.6182166834715,736.7763372547169,740.3652985421573,14906199
2023-12-29,777.550537109375,800.4299448136563,751.6803587469493,752.6772822996642,41170191
2024-01-01,788.167724609375,796.2428417736129,778.6471169933009,782.584977136906,12570717
2024-01-02,781.9868774414062,801.526555194252,776.6034657914456,798.037322677859,13791090
2024-01-03,779.0459594726562,787.5696440840888,773.8619445826253,783.6317836941909,8559060
2024-01-04,793.3019409179688,799.3333164237081,788.8656188055634,795.5450189789997,14298444
2024-01-05,788.5167236328125,803.4207434340957,784.678531312845,796.5419463419998,11091198
2024-01-08,786.67236328125,797.8877534228383,785.0773099111784,795.9438011428715,7668471
2024-01-09,797.3394775390625,806.7105836525363,790.7099721538192,797.4890404169724,12872757
2024-01-10,805.962890625,808.5050336167095,790.2115100310447,797.5388740978639,9980044
2024-01-11,813.1407470703125,814.9850313650279,805.9628850833083,810.9973370219574,11075167
2024-01-12,813.938232421875,816.0317475066829,806.6607027849429,815.6330146010633,7664094
2024-01-15,809.9505615234375,817.876116024583,807.8071515224598,817.477322260136,4835856
2024-01-16,816.330810546875,824.4557616786715,809.9505364449744,809.9505364449744,10159066
2024-01-17,803.07177734375,811.1967288561051,801.5265579649118,808.5050230218203,7895439
2024-01-18,816.5302124023438,820.4182385431777,794.5480605381124,804.5172959275492,11500495
2024-01-19,821.0164184570312,823.4588934460521,816.9788900472636,821.3154833674978,5706888
2024-01-23,797.9874877929688,825.0539263462871,793.8502306176879,822.3622813716463,9436209
2024-01-24,808.4053344726562,809.5019260433669,786.0742225187129,799.9314842616111,7217542
2024-01-25,809.3523559570312,811.645328789254,797.8379011776647,811.495765918497,10109720
2024-01-29,838.4127197265625,841.2040935442844,808.5548467297244,809.3523734137327,12823686
2024-01-30,856.207763671875,883.2244282935891,840.256986926025,840.4065497969711,19734613
2024-01-31,881.4798583984375,893.7420064965648,862.5383100175844,862.5383100175844,24562392
2024-02-01,875.79736328125,897.3807830841079,873.604119240152,897.2312202084519,14505885
2024-02-02,876.0465698242188,892.9942701792819,874.1523907396991,883.2742655638781,13003437
2024-02-05,923.94873046875,947.0773689105692,912.5339436950352,931.1265921710228,38686871
2024-02-06,936.6595458984375,938.4041621792303,925.5438843892472,933.5192731014428,12714803
2024-02-07,930.9271850585938,941.0958172877474,925.1948747308346,941.0958172877474,7913010
2024-02-08,921.4564208984375,936.8090678374625,915.973341398412,934.1173620952459,11576253
2024-02-09,912.18505859375,924.5469350928817,903.2625805505963,923.1512177681011,7904881
2024-02-12,908.7954711914062,922.1542709144172,905.2065708003145,913.2816271039628,7286778
2024-02-13,904.1099853515625,916.2724038964512,891.2496473098162,908.7954773250602,8574218
2024-02-14,915.4749145507812,917.119862802497,891.5985825566821,897.2312251423639,6570939
2024-02-15,917.7179565429688,924.1481255732302,913.5308654873995,920.8582900464917,6430799
2024-02-16,935.7124633789062,945.8810962331506,921.2570712289926,922.1543268048388,12826164
2024-02-19,929.7308959960938,940.0490914424062,928.185676633811,940.0490914424062,4632214
2024-02-20,923.5001220703125,931.7746363553856,917.5684755238078,931.5752394724828,4733639
2024-02-21,918.2164306640625,934.3167704601162,913.6804406459355,923.5001133504758,6011018
2024-02-22,929.4318237304688,930.9770430805079,911.7862645316782,921.805394997417,6437014
2024-02-23,934.5161743164062,936.9087543643499,926.5407857951564,930.229354308326,7047473
2024-02-26,934.0675659179688,942.0927886144665,927.8367935064974,934.217067947412,5600234
2024-02-27,959.7383422851562,962.031254348842,932.6220087495768,933.868163224122,12810206
2024-02-28,955.1026000976562,972.9973900868661,947.3764425431755,963.1777174049638,15219187
2024-02-29,947.2767944335938,956.2989406302397,939.9992644955904,956.0497097361479,10346657
2024-03-01,974.3931274414062,977.3838981691608,953.7567972504222,955.9998752962381,10645369
2024-03-04,984.1629638671875,991.9389555705244,977.0847699873481,990.1943393170084,6084495
2024-03-05,1018.7562255859375,1062.321737133582,1002.2570917425157,1023.8405114792558,59811033
2024-03-06,1014.519287109375,1027.479293414112,1005.8958739599614,1021.8466509504067,14214823
2024-03-07,1036.1026611328125,1043.7789235449698,1010.9302814511313,1021.8466061447888,16877082
2024-03-11,1024.83740234375,1032.7628958337734,1017.8589375417984,1031.5666362599177,7502450
2024-03-12,1013.372802734375,1033.8097357949305,1008.1887880324643,1024.6380876846872,8763820
2024-03-13,970.2060546875,1017.8589903523438,960.5857176581433,1015.8651431626232,16564155
2024-03-14,964.7727661132812,978.9789267096277,952.4607846020682,961.9813923410198,22931801
2024-03-15,942.9401245117188,976.7358575212209,937.1081460269942,965.4207994586787,23390913
2024-03-18,969.4583129882812,971.8010589788295,933.7684622657706,942.9401101969772,12121719
2024-03-19,954.8035278320312,967.6139710813223,948.6724236745789,965.5702899779665,9483750
2024-03-20,937.5567626953125,962.1807864953793,918.3659844002173,957.9438614172414,13900321
2024-03-21,961.9315795898438,966.268172791921,943.0896997277866,948.0743175910413,11074207
2024-03-22,976.7857055664062,983.166040778508,947.4262941447125,961.931580823292,13638296
2024-03-26,983.166015625,991.9389306816523,972.9973832616007,973.9943068100245,9461531
2024-03-27,975.6392822265625,991.9389583591376,973.6952690834165,988.5493938609659,6640537
2024-03-28,989.7457275390625,996.8239215333233,975.9881941727041,979.4774267361406,9862996
2024-04-01,989.1973876953125,1006.7432177513575,984.4121668479715,996.9235451703829,8629407
2024-04-02,1001.5592651367188,1004.8989346778949,990.3438752407601,995.926622761128,7995931
2024-04-03,1006.0454711914062,1011.3291540804612,989.4965029902119,1000.9112903333113,8040366
2024-04-04,1008.4878540039062,1013.871265593801,995.0792807327128,1012.8743420288121,9138276
2024-04-05,1004.001708984375,1009.3851206333742,1001.3100640072616,1008.4878650760788,4519120
2024-04-08,1010.0829467773438,1013.2731142870745,1000.9112380046372,1006.9426132753277,5188052
2024-04-09,1005.3973999023438,1026.3327944466662,1001.90816747829,1017.8589442739643,8539041
2024-04-10,1010.3820190429688,1017.8589456762418,1006.892786614108,1009.1358646040899,4554077
2024-04-12,1015.3666381835938,1025.8343354844556,1010.3820204212786,1010.8804821975102,11575194
2024-04-15,995.7272338867188,1003.852185193392,975.4896979034717,995.0293752292167,12632409
2024-04-16,989.7457275390625,1001.80853948109,979.0786329613645,986.9543536577906,9574762
2024-04-18,968.3616943359375,1000.0140179761577,963.2774084208725,993.2847838164258,13540490
2024-04-19,960.23681640625,964.9722034703329,941.0958712619531,961.0343431107234,15381310
2024-04-22,970.554931640625,975.7389463860485,963.0281708392571,975.7389463860485,7187959
2024-04-23,983.71435546875,991.4405133150968,971.0534136671944,972.997426843172,7994116
2024-04-24,988.5993041992188,992.8362294645907,984.9605087500032,989.346996893108,4671450
2024-04-25,998.1697387695312,1000.2134199478468,986.4558866541336,989.446657407001,8366455
2024-04-26,996.4251098632812,1005.8460497848425,993.5340071665445,1004.6995633384917,7937500
2024-04-29,997.5216674804688,1002.6558480385609,995.9266141591074,999.9641423173026,4764750
2024-04-30,1004.79931640625,1016.3137717666636,994.4312866724147,1001.9082136398765,9047011
2024-05-02,1024.6380615234375,1026.8312446301773,1008.4379931758202,1016.8620092454183,12695047
2024-05-03,1010.2823486328125,1036.9998267222027,992.9358545457699,1034.8066435928806,11871773
2024-05-06,1013.07373046875,1016.6626309338477,1001.9081744644453,1011.8774100312557,5724760
2024-05-07,985.5087890625,1014.8183665411239,979.028785817335,1013.0737502828102,8877426
2024-05-08,1008.986328125,1011.8774308377767,973.9943349049339,983.9137366673529,7519352
2024-05-09,1027.13037109375,1039.9905873933412,1004.2010688452552,1007.8896981096933,19189798
2024-05-10,1043.4300537109375,1047.118622153057,1027.230046089197,1033.8097171535346,13383183
2024-05-13,956.79736328125,1005.5967825177934,944.2859850790886,1001.9081532666385,58974762
2024-05-14,961.6823120117188,965.0219815137478,950.3173593780787,962.1308789243916,16325689
2024-05-15,944.3856811523438,969.9567949388908,942.1924371394084,967.9629478084743,19668239
2024-05-16,933.5192260742188,951.4638497726754,916.1727321600905,950.2675293566348,31240770
2024-05-17,942.7906494140625,950.4669732117342,938.1050963806224,941.0958671448539,13205512
2024-05-21,948.3733520507812,953.7069295016887,945.7813751840451,951.0650577800128,10055258
2024-05-22,944.5850830078125,951.9623417681472,939.6502991645742,949.0712390748681,9495279
2024-05-23,959.3893432617188,960.4859956628709,942.1425782092996,947.0773618960241,11211074
2024-05-24,957.5949096679688,967.9629389906398,955.0527667693228,959.5389227718927,9590588
2024-05-27,955.5512084960938,963.4767627704676,949.071205517247,961.9315434603733,6916555
2024-05-28,944.6348876953125,958.9407769957431,943.0896683785454,956.0496743922041,6618946
2024-05-29,940.6970825195312,947.5758796831192,935.911861419699,944.036813080503,8184019
2024-05-30,921.1075439453125,948.5229420987141,918.1666072466522,940.5973875539809,10170912
2024-05-31,920.1604614257812,934.3666223957892,917.2693587139829,928.7838747044248,14289102
2024-06-03,947.5260009765625,960.0373793689552,931.1265963973044,960.0373793689552,12314329
2024-06-04,901.1192626953125,945.0835689366378,852.7684682929635,945.0835689366378,26554598
2024-06-05,927.089111328125,930.8774088277726,887.2620014529773,922.1044933424341,13752553
2024-06-06,935.363525390625,943.0896829411471,928.3352264980141,937.1081416117106,11792640
2024-06-07,967.5143432617188,970.0066522345722,932.3727867444848,937.1081737929064,15577866
2024-06-10,972.1500244140625,981.8700290294881,966.1185882568394,973.9943086431638,9258931
2024-06-11,987.0999755859375,992.5499877929688,966.6500244140625,973.7999877929688,14828702
2024-06-12,988.7000122070312,1010.25,987.0,994.5,17527993
2024-06-13,985.8499755859375,1002.0,980.75,1002.0,12157226
2024-06-14,993.4000244140625,997.25,981.4000244140625,990.0,11591421
2024-06-18,985.9000244140625,1003.5499877929688,984.0,1000.0,9845075
2024-06-19,977.3499755859375,994.9000244140625,975.1500244140625,990.0,7605719
2024-06-20,978.25,988.4000244140625,976.3499755859375,980.0,7299571
2024-06-21,961.7999877929688,980.9000244140625,958.0999755859375,979.0,14303735
2024-06-24,958.0499877929688,963.5,950.0499877929688,960.9000244140625,6655577
2024-06-25,955.0,962.8499755859375,949.2999877929688,960.0,7304128
2024-06-26,951.8499755859375,962.5,950.0999755859375,956.0,6908988
2024-06-27,972.0999755859375,974.8499755859375,948.0499877929688,952.5,19385412
2024-06-28,989.75,998.5,972.5499877929688,975.0,23025267
2024-07-01,1002.0499877929688,1005.5,985.2000122070312,989.75,14006105
2024-07-02,981.2999877929688,1005.0,979.0999755859375,1004.0499877929688,12284132
2024-07-03,975.6500244140625,987.3499755859375,973.5,984.9500122070312,7346258
2024-07-04,998.2000122070312,1004.0,979.5999755859375,984.0,12139832
2024-07-05,993.6500244140625,1006.5999755859375,989.9500122070312,1005.0,9050375
2024-07-08,1002.5999755859375,1016.5999755859375,996.2000122070312,1005.0,13312085
2024-07-09,1014.9500122070312,1017.0,998.0999755859375,1000.9500122070312,10948094
2024-07-10,1005.5,1019.8499755859375,986.0499877929688,1015.0,13412206
2024-07-11,1020.7999877929688,1025.5,1007.0499877929688,1008.0,11983571
2024-07-12,1016.75,1025.9000244140625,1015.0,1023.8499755859375,7339644
2024-07-15,1024.449951171875,1029.800048828125,1017.2999877929688,1021.3499755859375,5847297
2024-07-16,1021.1500244140625,1029.5999755859375,1019.2000122070312,1025.5,4824555
2024-07-18,1024.550048828125,1027.0,1008.0,1022.9500122070312,8010324
2024-07-19,990.0,1024.0,986.6500244140625,1024.0,7400178
2024-07-22,1003.1500244140625,1008.0,976.5499877929688,990.0,7396198
2024-07-23,1001.7999877929688,1008.6500244140625,967.2000122070312,1007.9000244140625,10384177
2024-07-24,1027.699951171875,1034.25,995.1500244140625,997.7999877929688,11469098
2024-07-25,1090.949951171875,1094.0,1024.3499755859375,1029.0,32766835
2024-07-26,1118.300048828125,1120.5,1083.5999755859375,1111.949951171875,21232845
2024-07-29,1124.0,1139.9000244140625,1118.5999755859375,1124.0,11850624
2024-07-30,1161.8499755859375,1179.0,1118.5999755859375,1125.800048828125,28592304
2024-07-31,1156.6500244140625,1167.9000244140625,1145.300048828125,1164.0,10860623
2024-08-01,1144.4000244140625,1176.0,1136.5,1167.0,14375948
2024-08-02,1096.6500244140625,1120.0,1090.050048828125,1120.0,21967812
2024-08-05,1016.4500122070312,1065.0,1014.0499877929688,1059.949951171875,26651144
2024-08-06,1013.75,1060.6500244140625,1008.4000244140625,1030.0,16726393
2024-08-07,1025.300048828125,1040.199951171875,1015.0499877929688,1036.050048828125,9978703
2024-08-08,1041.75,1056.4000244140625,1027.0,1034.949951171875,19529790
2024-08-09,1068.0999755859375,1082.949951171875,1052.050048828125,1055.0,15443008
2024-08-12,1076.1500244140625,1079.9000244140625,1055.0,1065.0,11311050
2024-08-13,1053.449951171875,1075.5,1048.199951171875,1074.8499755859375,7508231
2024-08-14,1062.3499755859375,1067.050048828125,1047.0,1057.0,8211830
2024-08-16,1098.3499755859375,1099.949951171875,1070.0,1072.0,11435650
2024-08-19,1087.699951171875,1107.0,1085.0,1105.9000244140625,6911441
2024-08-20,1086.9000244140625,1098.050048828125,1082.050048828125,1097.0,5625723
2024-08-21,1085.199951171875,1095.300048828125,1083.300048828125,1089.0,4869876
2024-08-22,1068.449951171875,1094.75,1064.949951171875,1090.0,9377476
2024-08-23,1085.1500244140625,1092.5999755859375,1071.0,1073.0,10179655
2024-08-26,1092.4000244140625,1103.3499755859375,1082.8499755859375,1089.0,9415039
2024-08-27,1077.25,1096.6500244140625,1075.0,1093.050048828125,8813305
2024-08-28,1074.550048828125,1088.699951171875,1070.0999755859375,1082.949951171875,8145376
2024-08-29,1121.6500244140625,1142.0,1066.0,1079.050048828125,40658159
2024-08-30,1111.3499755859375,1115.0,1097.449951171875,1113.949951171875,17647545
2024-09-02,1092.6500244140625,1105.0,1087.3499755859375,1105.0,8116675
2024-09-03,1085.0999755859375,1100.0,1082.199951171875,1097.5999755859375,5088731
2024-09-04,1080.449951171875,1085.0,1072.0999755859375,1079.0,4665908
2024-09-05,1069.1500244140625,1085.8499755859375,1066.949951171875,1081.0,7900593
2024-09-06,1049.3499755859375,1072.949951171875,1040.5,1068.800048828125,8717377
2024-09-09,1038.699951171875,1049.949951171875,1026.25,1049.3499755859375,7206054
2024-09-10,1035.800048828125,1049.0,1032.199951171875,1049.0,6919238
2024-09-11,976.2999877929688,1011.5499877929688,971.25,1000.0,36140411
2024-09-12,986.1500244140625,988.0,958.0,976.2999877929688,25675836
2024-09-13,992.0999755859375,1006.0,988.0,994.9000244140625,13203676
2024-09-16,988.4000244140625,999.9000244140625,984.5,997.0,5836274
2024-09-17,974.9500122070312,995.0,960.0,995.0,44516613
2024-09-18,962.0499877929688,983.7000122070312,957.1500244140625,978.2000122070312,12044431
2024-09-19,967.0,978.9500122070312,956.3499755859375,970.4000244140625,13466770
2024-09-20,970.8499755859375,977.5,949.2000122070312,967.0,16764981
2024-09-23,971.7999877929688,979.2000122070312,966.0499877929688,973.5,10254297
2024-09-24,977.2999877929688,985.0,972.5999755859375,974.0,12755422
2024-09-25,963.5999755859375,982.5,959.25,982.4000244140625,12959075
2024-09-26,993.1500244140625,994.9500122070312,965.5999755859375,970.7999877929688,21640021
2024-09-27,993.0,1000.4000244140625,989.1500244140625,996.0,10360030
2024-09-30,974.6500244140625,996.9500122070312,971.7999877929688,993.0,12225895
2024-10-01,965.2000122070312,984.5,958.9000244140625,976.9000244140625,10085203
2024-10-03,925.7000122070312,950.1500244140625,925.0,939.0,24418517
2024-10-04,930.75,949.2000122070312,920.0,930.0,19187758
2024-10-07,927.8499755859375,944.4500122070312,915.0,942.0,11772546
2024-10-08,919.7999877929688,924.7999877929688,893.8499755859375,916.0,21177886
2024-10-09,939.1500244140625,948.4500122070312,925.5,926.7999877929688,11557737
2024-10-10,928.5,943.5999755859375,912.3499755859375,933.75,13249851
2024-10-11,930.7000122070312,937.0,928.5,932.0,4459529
2024-10-14,928.25,940.0,925.3499755859375,930.0,5740649
2024-10-15,917.2999877929688,935.3499755859375,913.0,932.9500122070312,9058919
2024-10-16,907.4500122070312,923.0,900.0,917.0499877929688,10298258
2024-10-17,891.5999755859375,914.9500122070312,890.0499877929688,914.9500122070312,13864583
2024-10-18,910.1500244140625,917.7000122070312,886.7999877929688,894.2999877929688,11527914
2024-10-21,903.2999877929688,917.6500244140625,898.0999755859375,912.0499877929688,7390557
2024-10-22,879.5,906.0999755859375,875.25,905.0,13617490
2024-10-23,877.6500244140625,885.5999755859375,863.2999877929688,879.0,10553771
2024-10-24,880.0,890.0,875.25,875.25,7233484
2024-10-25,864.2999877929688,885.75,857.2999877929688,883.9000244140625,10873022
2024-10-28,878.4500122070312,886.75,860.2000122070312,867.8499755859375,7106045
2024-10-29,842.75,882.5,825.7000122070312,880.25,26818871
2024-10-30,840.2000122070312,853.5999755859375,838.0499877929688,846.0,12933218
2024-10-31,834.0499877929688,843.8499755859375,831.8499755859375,843.8499755859375,11904413
2024-11-01,843.4500122070312,847.9500122070312,840.0,847.9500122070312,2900548
2024-11-04,824.0999755859375,844.4500122070312,814.5,840.0,15514419
2024-11-05,835.6500244140625,843.5999755859375,820.4000244140625,821.5,10215249
2024-11-06,839.7000122070312,843.9000244140625,826.0,843.9000244140625,10579596
2024-11-07,819.75,842.75,817.2999877929688,841.0,13237161
2024-11-08,805.4500122070312,822.0,801.0999755859375,821.9500122070312,16072692
2024-11-11,804.7000122070312,831.4500122070312,792.0,801.0,27587619
2024-11-12,784.8499755859375,813.0999755859375,783.0499877929688,806.0,16526921
2024-11-13,786.25,792.6500244140625,775.5499877929688,787.0,14674022
2024-11-14,774.2999877929688,792.0,772.0,786.5999755859375,11740909
2024-11-18,771.9000244140625,781.75,759.2000122070312,778.0,17053446
2024-11-19,783.2000122070312,799.9000244140625,771.9000244140625,771.9000244140625,14012014
2024-11-21,773.8499755859375,785.9500122070312,766.25,784.9500122070312,14194678
2024-11-22,791.0,794.0,775.0,775.0,14535112
2024-11-25,796.5999755859375,810.2000122070312,793.6500244140625,808.0499877929688,15194167
2024-11-26,783.0,801.7999877929688,780.1500244140625,797.1500244140625,10310838
2024-11-27,783.9500122070312,791.9000244140625,779.0999755859375,785.0499877929688,10014685
2024-11-28,779.4500122070312,792.5499877929688,778.0,783.0,10939142
2024-11-29,786.4500122070312,789.4000244140625,777.0499877929688,779.5,10358590
2024-12-02,790.0499877929688,796.75,785.0,787.2999877929688,8425826
2024-12-03,801.25,806.0,790.0,795.0,9874135
2024-12-04,788.0999755859375,806.0,784.0499877929688,805.0,12392259
2024-12-05,792.5499877929688,797.5,781.0,793.0,12169428
2024-12-06,816.7999877929688,818.8499755859375,785.2999877929688,793.0,19716910
2024-12-09,798.75,820.3499755859375,797.0,816.7999877929688,15573233
2024-12-10,799.9000244140625,810.4500122070312,797.4500122070312,804.7999877929688,13113082
2024-12-11,799.0999755859375,806.9500122070312,798.2000122070312,802.9000244140625,7763357
2024-12-12,786.3499755859375,802.0,785.5,799.2000122070312,10602758
2024-12-13,790.2999877929688,792.5,775.0,789.0,14101869
2024-12-16,784.7999877929688,793.9500122070312,783.0,791.4000244140625,10015361
2024-12-17,779.75,796.3499755859375,778.0,785.5,10270253
2024-12-18,755.7000122070312,774.25,754.0,774.0,19085263
2024-12-19,744.0499877929688,755.7999877929688,741.4000244140625,744.4500122070312,17119599
2024-12-20,724.0499877929688,749.5499877929688,721.5,744.2999877929688,17962656
2024-12-23,722.2000122070312,734.4000244140625,717.7000122070312,733.7000122070312,9653868
2024-12-24,736.0999755859375,745.2999877929688,722.5,723.5,12553555
2024-12-26,740.7999877929688,747.7999877929688,735.5499877929688,736.0999755859375,9343210
2024-12-27,750.5,766.8499755859375,745.7000122070312,749.0,15835079
2024-12-30,733.6500244140625,754.9000244140625,730.7000122070312,753.9000244140625,17441198
2024-12-31,740.1500244140625,743.4000244140625,732.75,733.6500244140625,7092699
2025-01-01,749.25,751.0999755859375,736.0,740.4500122070312,7792251
2025-01-02,765.0499877929688,767.3499755859375,749.3499755859375,759.2999877929688,15294572
2025-01-03,790.4000244140625,800.5999755859375,761.4500122070312,768.0,24773025
2025-01-06,776.25,797.7000122070312,765.2999877929688,797.7000122070312,16948151
2025-01-07,793.25,796.9500122070312,772.5,776.0,15547971
2025-01-08,794.9500122070312,797.0,781.6500244140625,792.5999755859375,11861066
2025-01-09,780.0999755859375,810.0,769.4500122070312,800.0,17948464
2025-01-10,774.6500244140625,787.9500122070312,766.7999877929688,780.0499877929688,11144005
2025-01-13,751.0,773.5499877929688,748.7999877929688,769.0,12230175
2025-01-14,770.5,779.0,751.5,751.5,11377053
2025-01-15,763.5999755859375,785.0,756.0499877929688,771.0,10500910
2025-01-16,774.3499755859375,781.0,767.3499755859375,769.9000244140625,8680163
2025-01-17,779.75,785.5,772.25,773.9000244140625,7007239
2025-01-20,774.3499755859375,783.0,767.0,780.0,9956101
2025-01-21,760.75,786.6500244140625,758.4000244140625,775.0,11657178
2025-01-22,742.75,765.4500122070312,731.0,764.1500244140625,12418474
2025-01-23,752.5,759.7000122070312,739.7999877929688,742.75,7916689
2025-01-24,734.0999755859375,754.1500244140625,732.2000122070312,750.0499877929688,9513166
2025-01-27,713.0499877929688,732.9500122070312,709.2999877929688,732.9500122070312,14123990
2025-01-28,728.25,740.8499755859375,707.5,716.5,16104653
2025-01-29,752.5,755.0,726.5499877929688,731.5,12461404
2025-01-30,696.8499755859375,710.7000122070312,683.2000122070312,709.0,59390998
2025-01-31,716.0999755859375,717.0,696.4500122070312,706.0,19157717
2025-02-01,706.5499877929688,724.75,700.9000244140625,719.5,14087493
2025-02-03,687.4500122070312,700.0,686.0,700.0,17806760
2025-02-04,710.5499877929688,713.3499755859375,693.75,696.2999877929688,16792005
2025-02-05,717.0499877929688,725.4500122070312,710.7000122070312,711.0,12907325
2025-02-06,709.6500244140625,723.4000244140625,708.1500244140625,723.0,10016927
2025-02-07,706.75,715.9500122070312,703.0999755859375,711.0,12259132
2025-02-10,696.0,709.9000244140625,693.0499877929688,709.75,10981963
2025-02-11,677.75,697.0,675.0999755859375,696.0,11939990
2025-02-12,684.3499755859375,687.5499877929688,667.0499877929688,680.0,12312424
2025-02-13,683.8499755859375,693.1500244140625,679.3499755859375,684.3499755859375,8490769
2025-02-14,680.6500244140625,690.9500122070312,669.1500244140625,685.9500122070312,9968127
2025-02-17,686.5999755859375,690.7000122070312,667.0499877929688,678.0,10313575
2025-02-18,682.4000244140625,687.9500122070312,672.1500244140625,686.5999755859375,7810143
2025-02-19,681.0,690.9500122070312,675.0499877929688,681.75,9986815
2025-02-20,689.7999877929688,692.8499755859375,675.0,680.0,8673335
2025-02-21,673.2000122070312,690.0,671.0999755859375,686.0,14577524
2025-02-24,668.25,676.5999755859375,666.0,670.0,8861769
2025-02-25,661.5999755859375,672.5,660.0,667.75,10251257
2025-02-27,648.5499877929688,665.0,645.6500244140625,662.0,12281857
2025-02-28,620.6500244140625,645.0,618.4500122070312,645.0,20477619
2025-03-03,621.1500244140625,626.8499755859375,606.2999877929688,620.6500244140625,18362700
2025-03-04,619.2000122070312,629.1500244140625,613.0,613.4500122070312,11878225
2025-03-05,640.7999877929688,641.5999755859375,618.5999755859375,619.0,12373061
2025-03-06,639.6500244140625,655.9500122070312,635.5999755859375,653.25,16991501
2025-03-07,648.2999877929688,651.5,635.0,640.0,10123450
2025-03-10,648.1500244140625,654.25,643.3499755859375,648.2999877929688,10309166
2025-03-11,648.0499877929688,651.1500244140625,638.4500122070312,640.0,9534750
2025-03-12,668.2999877929688,671.9000244140625,652.25,654.5,18732785
2025-03-13,655.5,671.8499755859375,649.5999755859375,670.6500244140625,14004345
2025-03-17,661.0499877929688,666.4500122070312,657.4500122070312,665.0499877929688,9174398
2025-03-18,661.0499877929688,661.0499877929688,661.0499877929688,661.0499877929688,0
2025-03-19,682.25,685.75,678.5499877929688,685.4000244140625,9338414
2025-03-20,690.0499877929688,692.7000122070312,679.0,685.0,9712600
2025-03-21,702.9500122070312,705.0,688.5499877929688,693.0,14823483
2025-03-24,713.5,717.5,702.0499877929688,710.0,11671359
2025-03-25,710.2999877929688,723.0499877929688,706.3499755859375,719.0,13617465
2025-03-26,708.25,717.8499755859375,707.0,710.2999877929688,9363180
2025-03-27,668.5499877929688,676.5999755859375,661.0999755859375,668.0,34238666
2025-03-28,674.4500122070312,684.9500122070312,669.2999877929688,671.8499755859375,16013687
2025-04-01,671.8499755859375,681.8499755859375,665.75,670.5499877929688,9594669
2025-04-02,671.9000244140625,675.3499755859375,662.0999755859375,674.9500122070312,8025225
2025-04-03,653.9500122070312,669.0,652.5,660.0,13473832
2025-04-04,613.8499755859375,650.0,610.0,650.0,26621179
2025-04-07,579.75,582.0,535.75,560.5,49463598
2025-04-08,588.8499755859375,606.5999755859375,584.2000122070312,591.2000122070312,20987855
2025-04-09,582.9000244140625,594.9000244140625,581.0499877929688,588.0,17483412
2025-04-11,595.0499877929688,612.7999877929688,591.0,610.0,21055814
2025-04-15,622.2000122070312,628.2999877929688,612.6500244140625,614.0,19722072
2025-04-16,616.0499877929688,625.0,613.5999755859375,625.0,12318376
2025-04-17,621.5499877929688,627.0,608.25,616.0499877929688,14342652
2025-04-21,630.0499877929688,635.75,620.2000122070312,624.5999755859375,12785568
2025-04-22,630.8499755859375,633.9500122070312,626.2000122070312,630.25,10292748
2025-04-23,659.9000244140625,661.5,633.3499755859375,635.9500122070312,23390570
2025-04-24,668.3499755859375,671.0,660.0999755859375,660.0999755859375,15172229
2025-04-25,655.25,673.0,651.5,668.3499755859375,13207043
2025-04-28,668.1500244140625,669.5999755859375,652.5499877929688,654.2999877929688,10243493
2025-04-29,665.5999755859375,682.9000244140625,661.5999755859375,671.4500122070312,13754685
2025-04-30,644.25,667.0,641.0999755859375,667.0,19485917
2025-05-02,649.0999755859375,661.3499755859375,635.5499877929688,641.0,11488717
2025-05-05,661.5499877929688,666.6500244140625,655.8499755859375,662.9500122070312,8868484
2025-05-06,648.2000122070312,663.2000122070312,645.5,661.5499877929688,12718175
2025-05-07,680.2999877929688,682.5,641.1500244140625,642.0,30390515
2025-05-08,682.8499755859375,704.5,677.2000122070312,700.0,29315465
2025-05-09,708.5,711.0,666.0,667.5,40183276
